{
    "Model_version": "1.0",
    "Model postfix": "050623_121056",
    "Metrics on training set": {
        "roc-auc": 0.8850385740171353,
        "precision": 0.7823275862068966,
        "recall": 0.35576608951323097,
        "f1": 0.48910846620256015
    },
    "Metrics on validation set": {
        "roc-auc": 0.884952166659712,
        "precision": 0.7572649572649572,
        "recall": 0.33765243902439024,
        "f1": 0.4670532419609911
    }
}